Sample ID,Fe,Zn,Cu,Mn,Ni,Cr,Co,Pb,Cd,Fe_PL,Zn_PL,Cu_PL,Mn_PL,Ni_PL,Cr_PL,Pb_PL,Cd_PL,WPI,n_parameters
LS1,1.863,0.518,0.279,0.085,0.043,0.049,0.034,0,0,6.21,0.172667,0.1395,0.2125,0.614286,0.98,,,1.38816,6
LS2,1.742,0.489,0.217,0.095,0.042,0.057,0.037,0,0,5.80667,0.163,0.1085,0.2375,0.6,1.14,,,1.34261,6
LS3,1.344,0.542,0.226,0.073,0.029,0.037,0.032,0,0,4.48,0.180667,0.113,0.1825,0.414286,0.74,,,1.01841,6
LS4,0.947,0.326,0.119,0.081,0.036,0.043,0.039,0,0,3.15667,0.108667,0.0595,0.2025,0.514286,0.86,,,0.816937,6
LS5,0.926,0.388,0.087,0.055,0.018,0.024,0.023,0,0,3.08667,0.129333,0.0435,0.1375,0.257143,0.48,,,0.689024,6
LS6,1.188,0.572,0.216,0.052,0.037,0.046,0.031,0,0,3.96,0.190667,0.108,0.13,0.528571,0.92,,,0.972873,6
LS7,1.753,0.65,0.223,0.073,0.031,0.047,0.042,0,0,5.84333,0.216667,0.1115,0.1825,0.442857,0.94,,,1.28948,6
LS8,1.695,0.475,0.246,0.088,0.042,0.055,0.047,0,0,5.65,0.158333,0.123,0.22,0.6,1.1,,,1.30856,6
LS9,1.546,0.673,0.247,0.095,0.04,0.056,0.036,0,0,5.15333,0.224333,0.1235,0.2375,0.571429,1.12,,,1.23835,6
LS10,0.543,0.256,0.086,0,0.043,0.024,0.053,0.027,0,1.81,0.0853333,0.043,,0.614286,0.48,2.7,,0.955437,6
LS11,0.522,0.223,0.086,0,0.045,0.03,0.063,0.036,0,1.74,0.0743333,0.043,,0.642857,0.6,3.6,,1.1167,6
LS12,0.425,0.238,0.096,0,0.037,0.027,0.048,0.024,0,1.41667,0.0793333,0.048,,0.528571,0.54,2.4,,0.835429,6
LS13,0.388,0.179,0.087,0,0.037,0.02,0.045,0.1025,0,1.29333,0.0596667,0.0435,,0.528571,0.4,10.25,,2.09585,6
LS14,0.754,0.426,0.118,0.037,0.045,0.029,0.02,0,0,2.51333,0.142,0.059,0.0925,0.642857,0.58,,,0.671615,6
LS15,0.922,0.438,0.089,0.02,0.037,0.021,0.014,0,0,3.07333,0.146,0.0445,0.05,0.528571,0.42,,,0.710401,6
LS16,0.788,0.327,0.089,0.026,0.036,0.028,0.013,0,0,2.62667,0.109,0.0445,0.065,0.514286,0.56,,,0.653242,6
LS17,0.847,0.413,0.123,0.034,0.037,0.037,0.016,0,0,2.82333,0.137667,0.0615,0.085,0.528571,0.74,,,0.729345,6
LS18,0.753,0.422,0.113,0.025,0.034,0.034,0.013,0,0,2.51,0.140667,0.0565,0.0625,0.485714,0.68,,,0.655897,6
LS19,0.527,0.345,0.082,0.021,0.032,0.042,0.017,0,0,1.75667,0.115,0.041,0.0525,0.457143,0.84,,,0.543718,6
