Sample ID,Fe,Zn,Cu,Mn,Ni,Cr,Co,Pb,Cd,Fe_Qi,Fe_Ii,Zn_Qi,Zn_Ii,Cu_Qi,Cu_Ii,Mn_Qi,Mn_Ii,Ni_Qi,Ni_Ii,Cr_Qi,Cr_Ii,Pb_Qi,Pb_Ii,Cd_Qi,Cd_Ii,WQI,WQI class
LS1,1.863,0.518,0.279,0.085,0.043,0.049,0.034,0,0,621,4.36446,17.2667,0.0121352,13.95,0.0147063,21.25,0.112011,61.4286,1.85026,98,4.13253,0,0,0,0,10.4861,Excellent
LS2,1.742,0.489,0.217,0.095,0.042,0.057,0.037,0,0,580.667,4.08099,16.3,0.0114558,10.85,0.0114383,23.75,0.125188,60,1.80723,114,4.80723,0,0,0,0,10.8435,Excellent
LS3,1.344,0.542,0.226,0.073,0.029,0.037,0.032,0,0,448,3.14859,18.0667,0.0126975,11.3,0.0119127,18.25,0.0961973,41.4286,1.24785,74,3.12048,0,0,0,0,7.63773,Excellent
LS4,0.947,0.326,0.119,0.081,0.036,0.043,0.039,0,0,315.667,2.21854,10.8667,0.00763722,5.95,0.00627259,20.25,0.106739,51.4286,1.54905,86,3.62651,0,0,0,0,7.51475,Excellent
LS5,0.926,0.388,0.087,0.055,0.018,0.024,0.023,0,0,308.667,2.16934,12.9333,0.00908969,4.35,0.00458584,13.75,0.0724774,25.7143,0.774527,48,2.0241,0,0,0,0,5.05412,Excellent
LS6,1.188,0.572,0.216,0.052,0.037,0.046,0.031,0,0,396,2.78313,19.0667,0.0134003,10.8,0.0113855,13,0.0685241,52.8571,1.59208,92,3.87952,0,0,0,0,8.34804,Excellent
LS7,1.753,0.65,0.223,0.073,0.031,0.047,0.042,0,0,584.333,4.10676,21.6667,0.0152276,11.15,0.0117545,18.25,0.0961973,44.2857,1.33391,94,3.96386,0,0,0,0,9.5277,Excellent
LS8,1.695,0.475,0.246,0.088,0.042,0.055,0.047,0,0,565,3.97088,15.8333,0.0111278,12.3,0.0129669,22,0.115964,60,1.80723,110,4.63855,0,0,0,0,10.5567,Excellent
LS9,1.546,0.673,0.247,0.095,0.04,0.056,0.036,0,0,515.333,3.62182,22.4333,0.0157664,12.35,0.0130196,23.75,0.125188,57.1429,1.72117,112,4.72289,0,0,0,0,10.2199,Excellent
LS10,0.543,0.256,0.086,0,0.043,0.024,0.053,0.027,0,181,1.27209,8.53333,0.00599732,4.3,0.00453313,0,0,61.4286,1.85026,48,2.0241,270,56.9277,0,0,62.0847,Good
LS11,0.522,0.223,0.086,0,0.045,0.03,0.063,0.036,0,174,1.22289,7.43333,0.00522423,4.3,0.00453313,0,0,64.2857,1.93632,60,2.53012,360,75.9036,0,0,81.6027,Good
LS12,0.425,0.238,0.096,0,0.037,0.027,0.048,0.024,0,141.667,0.995649,7.93333,0.00557564,4.8,0.00506024,0,0,52.8571,1.59208,54,2.27711,240,50.6024,0,0,55.4779,Good
LS13,0.388,0.179,0.087,0,0.037,0.02,0.045,0.1025,0,129.333,0.908969,5.96667,0.00419344,4.35,0.00458584,0,0,52.8571,1.59208,40,1.68675,1025,216.114,0,0,220.311,Very poor
LS14,0.754,0.426,0.118,0.037,0.045,0.029,0.02,0,0,251.333,1.7664,14.2,0.00997992,5.9,0.00621988,9.25,0.0487575,64.2857,1.93632,58,2.44578,0,0,0,0,6.21346,Excellent
LS15,0.922,0.438,0.089,0.02,0.037,0.021,0.014,0,0,307.333,2.15997,14.6,0.010261,4.45,0.00469127,5,0.0263554,52.8571,1.59208,42,1.77108,0,0,0,0,5.56445,Excellent
LS16,0.788,0.327,0.089,0.026,0.036,0.028,0.013,0,0,262.667,1.84605,10.9,0.00766064,4.45,0.00469127,6.5,0.034262,51.4286,1.54905,56,2.36145,0,0,0,0,5.80316,Excellent
LS17,0.847,0.413,0.123,0.034,0.037,0.037,0.016,0,0,282.333,1.98427,13.7667,0.00967537,6.15,0.00648343,8.5,0.0448042,52.8571,1.59208,74,3.12048,0,0,0,0,6.7578,Excellent
LS18,0.753,0.422,0.113,0.025,0.034,0.034,0.013,0,0,251,1.76406,14.0667,0.00988621,5.65,0.00595633,6.25,0.0329443,48.5714,1.46299,68,2.86747,0,0,0,0,6.14331,Excellent
LS19,0.527,0.345,0.082,0.021,0.032,0.042,0.017,0,0,175.667,1.23461,11.5,0.00808233,4.1,0.00432229,5.25,0.0276732,45.7143,1.37694,84,3.54217,0,0,0,0,6.19379,Excellent
