Sample ID,Fe,Zn,Cu,Mn,Ni,Cr,Co,Pb,Cd
US1,0.937,0.453,0.256,0.092,0.035,0.048,0.04,0,0
US2,0.675,0.246,0.087,0.038,0.023,0.034,0.027,0,0
US3,0.736,0.311,0.143,0.056,0.031,0.046,0.034,0,0
US4,0.528,0.184,0.097,0.046,0.022,0.035,0.028,0,0
US5,0.468,0.236,0.113,0.084,0.037,0.043,0.031,0,0
US6,0.663,0.275,0.102,0.057,0.026,0.032,0.032,0,0
US7,0.548,0.216,0.117,0.089,0.036,0.05,0.04,0,0
US8,0.859,0.259,0.108,0.069,0.028,0.025,0.034,0,0
US9,0.513,0.205,0.094,0.037,0.017,0.024,0.023,0,0
US10,0.863,0.416,0.114,0,0.048,0.032,0.057,0.035,0
US11,0.403,0.257,0.075,0,0.033,0.022,0.046,0.028,0
US12,0.413,0.203,0.072,0,0.032,0.019,0.047,0.023,0
US13,0.352,0.183,0.082,0,0.043,0.026,0.059,0.03,0
US14,0.424,0.257,0.063,0.017,0.028,0.017,0.01,0,0
US15,0.467,0.244,0.065,0.026,0.034,0.025,0.014,0,0
US16,0.392,0.217,0.078,0.022,0.029,0.024,0.025,0,0
US17,0.416,0.368,0.094,0.027,0.0311,0.039,0.021,0,0
US18,0.386,0.207,0.077,0.022,0.041,0.032,0.013,0,0
US19,0.413,0.245,0.091,0.032,0.042,0.025,0.019,0,0
